Gene	RANK
RBM39	38.79242176569933
MUG1	6.0406518014710215
RAB6A	5.482926369427906
H3C1	4.521717050542449
H1-1	4.063110594750357
EEF1B	3.3999078948829125
PARP1	3.332595823645202
H2BC7	3.134920839158088
RPS23	3.041022297433894
PAK2	2.8079671532351216
H1-3	2.7691438364810748
NFKB2	2.555516300070005
STAT3	2.443073830495569
C1QB	2.4416748212658232
PLXNB2	2.4105160822797513
H1-2	2.409479255031024
RBM25	2.3620480249625313
NUP62	2.2621772015388997
CNP	2.2270476387989446
RIGI	2.1950260367945806
MARCKSL1	2.1160202790037146
JPT2	2.0722490089763506
UNC93B1	1.9877710803995752
H2AX	1.9258748377037802
H1-5	1.9239317398078934
IFIT3	1.876131596651888
RBPJL	1.8495479259324097
SNRPE	1.786442987203719
GART	1.7674124300882366
MCM6	1.7151068780713783
PAICS	1.612175810927723
DNPEP	1.562019944620197
H4C1	1.5324054390051611
DNM2	1.4947972898748934
H1-4	1.4551582604573445
SEPTIN2	1.3619877735410857
EPB41L2	1.3340235332073989
SNX8	1.2289881885778973
IFI205A	1.2246034177663587
RPL18	1.220508730282223
KHSRP	1.1363468854677337
H2AC4	1.1228876778138095
CBR1	1.046245826793625
NME1	1.0356866617228615
VAPA	1.0345059101695824
TAP1	1.0181621501817837
PYHIN1	1.0134384809843278
NDUFA10	0.9997675106229366
PSIP1	0.984775071364344
RPL9	0.9601085097184864
TCEA1	0.9449590822537198
DNAJA1	0.940593961809929
GSR	0.9260479163225502
PARP3	0.9165487529354188
ACAA1A	0.8888995041577274
ERAP1	0.8610903178821349
RBBP7	0.8392202256814186
COPB2	0.8237173228478466
SRSF10	0.820945439165716
CAB39	0.8055013329460312
RPL28	0.7755717780742651
SF3B1	0.7753112035868758
FCGR1	0.7630618080162622
TGTP2	0.7581655751875452
VDAC2	0.7566026822726333
SART1	0.7557716637238422
MOB1B	0.7452694208696029
MTA2	0.7319401033049145
H2BC14	0.7227974970963013
MACF1	0.712076558469424
H2-K1	0.6980776872353037
H3-5	0.6767774293080342
PSMD12	0.6711653562098939
BIN2	0.6641945353006566
HACD2	0.6418346512210286
SEC11A	0.6348077078635868
RNF213	0.6237392994413297
HNRNPUL1	0.6236606113620858
PYGB	0.6224418479062162
EIF4A3	0.618951177383406
TRIM28	0.6164046476286154
AIFM1	0.5983446160671876
AIMP1	0.5852431526379798
ABHD12	0.5766614501591384
CWC15	0.5744237519844662
GBP2	0.5724806063324664
CISD1	0.570959975517713
RGS10	0.5654850526973519
FKBP15	0.5643221995288257
SNRPF	0.5559113992932585
NUCKS1	0.5557786542815684
TOMM20	0.5557395881009756
ANXA6	0.5411184538404771
TRA2B	0.5390416650026424
RCSD1	0.5381829300312513
HNRNPUL2	0.529376710530073
HNRNPF	0.5232391004576197
GVIN1	0.4825034757148166
PRRC2C	0.4817735782583669
GLOD4	0.47448725951245624
CSRP1	0.47309328082878066
SPCS2	0.4687640020728572
RBM17	0.46864059762846483
LIPA	0.46167933868062666
GLRX	0.46165650931701363
API5	0.4590378872885496
EIF5B	0.45522275280095303
NPEPPS	0.4544683183908049
SZRD1	0.435674273521408
FMNL1	0.4311795831034558
PSMD4	0.4249622846723767
GRPEL1	0.42331714305149254
SRSF7	0.41777621213074057
COX7C	0.4152341812556072
SEC61A1	0.4121034111096296
DOK1	0.4057848328455262
S100A10	0.4033883829630344
RASSF4	0.40123472412207944
CDS2	0.39719214718466533
EIF4H	0.39610923801333187
FERMT3	0.388820459486889
SMC1A	0.3808307456325685
ANP32E	0.37519581616795467
DHX9	0.3728024651478383
SLC3A2	0.36713427658549297
DLD	0.36256097866893
HBA	0.35057058896051124
PCMT1	0.34879314103037906
IFIT1	0.338545152958732
IFIH1	0.33734384540324147
OXR1	0.33614329668757653
ANXA7	0.33444506737295615
HSD17B10	0.32800738883790875
PTPN6	0.31667008663225343
ITGAM	0.31581945232956155
FKBP4	0.312615768285384
MSR1	0.3109305540175399
SUB1	0.3107515719823665
MAN2B1	0.3047108392725079
MARCKS	0.3023325660198962
DIAPH2	0.2997397864758021
ALCAM	0.2944152927934514
TARDBP	0.29075287188312166
PNN	0.29024398552911207
SAR1A	0.2898450249096258
COX5A	0.289057445552598
ALDH16A1	0.28330660633238497
ACOD1	0.2822420143614581
DDOST	0.28014135477606367
SIRPA	0.278765391957509
RANGAP1	0.27574573681170167
MPP1	0.2703822874416537
LAP3	0.26984895245297524
ALDH1L1	0.26659128677380267
RAD23B	0.2634434359926401
SH3BP1	0.25535603947394614
ARHGAP45	0.2542698208066847
SDHA	0.25202304576665385
KHDRBS1	0.2466740471627906
UPF1	0.24584844811648732
RPS28	0.24577510899290292
LSP1	0.2435300314533658
EVI2B	0.2357916447520392
EIF3E	0.23307235610639535
EIF4B	0.23300103091138322
TRIM21	0.23171658855308533
PICALM	0.2295871815617167
DTX3L	0.22135756043895902
OXCT1	0.22124659756835122
KCNAB2	0.21341921919878729
G3BP1	0.21328630127442458
DHX15	0.20934417763142654
TXNRD1	0.20894771491754102
LGALS3BP	0.20813788521685
SPPL2A	0.2078361139811887
ARHGDIB	0.20565053377252213
PHB1	0.20407418743361347
GBP3	0.2035736209827562
EPS15L1	0.19527645143394093
PTPN23	0.192809590316477
SEPTIN8	0.19162972189391858
CPNE3	0.19024414913511875
IGBP1	0.18885435143532017
FUS	0.18835318893832573
NUMA1	0.18818242921064032
STIP1	0.18470216769817732
TFE3	0.18252597262647224
FNBP1	0.182488083362617
SCPEP1	0.18222892933042134
VCL	0.1806938954930629
C3AR1	0.18006484139504356
VDAC1	0.17686495742073408
OXSR1	0.17273353956112103
SLC25A24	0.16952826559851528
EIF3F	0.166552856214087
TMCO1	0.16486312586429994
CYRIB	0.16388836772606383
RPL17	0.16174662042408994
YBX1	0.16012096841245083
UGGT1	0.15855508208849267
VDAC3	0.15782383034083722
NSF	0.1573118293894843
PDHA1	0.1572622198245583
HMOX1	0.1556242380890004
NHERF1	0.15541988754367136
GBA1	0.15322209779146048
SF3B3	0.1524742536010323
XDH	0.15190783204640257
LUC7L2	0.15151768293168297
MYO1C	0.15025534352547412
PACSIN2	0.14859437624997157
SUPT16H	0.1468020640015982
ALDOC	0.1434025152438921
FUBP1	0.14299941427146018
DDX17	0.1384233102095681
ADSL	0.1381138113104114
IQGAP2	0.13603868918887332
HARS1	0.13580638369455522
ELOB	0.13546706611698758
JPT1	0.13544280481498217
PTMS	0.13197699783925912
IFI204	0.13071569108833103
EIF3I	0.13046456280822286
DLST	0.13015405989857531
LDLRAP1	0.1295003684255273
EIF3G	0.12948246987759007
UBA6	0.12938782340043933
RTRAF	0.12902992318395698
IRGM1	0.12897332345020612
GSTM1	0.1288626428104814
EPRS1	0.12784079135213244
RPL27	0.12681703098345792
CDV3	0.12662865873199078
SNRPG	0.12538265753652775
SP110	0.12360810147838344
SH3GL1	0.12273544178503594
PTMA	0.12142089609893272
PSME1	0.12044643140642028
RCC2	0.11956424862092564
NIBAN1	0.11949992726999543
CMPK2	0.11876397083817573
TMPO	0.11710012088666687
RPL7	0.11601018129014966
RPL32	0.1154814375797243
RALB	0.11508535265435081
RPL18A	0.1138429538580381
LRRFIP1	0.11367438558753763
SYNCRIP	0.11295158583290948
SNX9	0.1089241566326766
PHGDH	0.1089131313011954
NCEH1	0.1088437542714618
PSMB10	0.1069143113898719
TOR1AIP1	0.10664969067662901
PSMD1	0.10602069233327871
SRSF2	0.10382568461026903
CD68	0.10046566193000254
HPRT1	0.09837716916832409
ATIC	0.09732679001666383
PLEC	0.09614674935155325
EWSR1	0.09582190215613086
PABPC1	0.09557527929025258
HK1	0.09557181928434967
PRKAR1A	0.09441237250047828
CHMP1A	0.09017464752795162
LYN	0.09009274279151926
NSFL1C	0.09001293506157151
UBB	0.08946363394277673
STAT1	0.0883742193180329
CCDC50	0.08796087415874476
DPP3	0.08448670789028662
GFUS	0.08440750830440653
ASPH	0.08427112411601409
ALYREF	0.08326011648859298
BIN1	0.08205413620056587
CAMK2D	0.08191319711278489
ETFB	0.08166836292667255
TBCB	0.07899696268880675
HSD17B11	0.07878222296057534
GOT1	0.07872408797668247
HNRNPL	0.07797597908789557
UQCRB	0.0775876174772099
THRAP3	0.07698473700253737
DSTN	0.07659189296372874
DDX39A	0.07615278317688862
EHD1	0.07015780314318643
NDUFS6	0.07003815088089457
RTCB	0.06869458868488774
NIPSNAP3B	0.06757893786067996
STMN1	0.06727306312877591
HNRNPAB	0.06705367451391388
HSPA9	0.06680549798331084
GDA	0.06642287935270726
SNX6	0.06550767250424258
NONO	0.06481084045549684
SCP2	0.062334252991721954
SERBP1	0.062292903304931896
MVD	0.06158933954246458
ITGA5	0.060858828173120785
SAA3	0.06017136900571808
PTBP3	0.05974792405861792
ARF6	0.05967261807347086
RPLP2	0.05933819006677999
ATP5F1B	0.05776917651956928
RUFY1	0.05669642457089733
NCKAP1L	0.056279648248318465
SRSF1	0.0546472291519843
RENBP	0.054298765945948735
PSMA1	0.05419321310705217
PIN4	0.05406337360921567
RPS3A	0.05377963541887726
EIF2A	0.053540988934311286
HNRNPA2B1	0.05342251645667557
ERH	0.05342121258390293
ASL	0.05279745178914438
GARS1	0.052595786175722636
PGM1	0.052509965629255646
EIF3H	0.05215498027675288
MYO1G	0.05192012734802724
HSPA5	0.0507018420227575
MIF	0.050423989356696626
SNRNP70	0.049728220231221934
RPL35A	0.04962022960905333
HYOU1	0.04853503930116975
RAN	0.047799271976817596
TUBB5	0.04609238143361651
BAX	0.04567636101983774
ICAM1	0.045642284015539304
HNRNPA3	0.04553563342178698
PYCARD	0.04487241914411931
CTSS	0.04415041311210594
NMT1	0.042270346791378616
TPT1	0.04205994178331088
ARHGEF1	0.041996959714172485
CAPRIN1	0.04198781555300232
IL1RN	0.04196079377800498
ITGB2	0.041440631214424276
NARS1	0.04139320935616759
VAV1	0.04075108029411957
UBA2	0.04031990231013161
PCP4L1	0.04005088891208489
CASP3	0.03975793586127989
CBX3	0.039651889431473575
TPM4	0.03960511044963332
DCTN2	0.03908618714931669
CREG1	0.038218440935424744
RAB21	0.0378093626401674
SRSF3	0.03774348247940481
LMNB1	0.03711457840565163
HM13	0.036612146793031985
H2AZ1	0.03620259188966491
CAP1	0.035861600291425544
ACLY	0.03567361203285517
HNRNPH1	0.03566611448061816
CORO1A	0.035466968959053054
CAPZB	0.03530791837365706
SLIRP	0.03480691613819198
PRPF19	0.03480605226899033
EEA1	0.034684576676531756
MNDAL	0.034427982621729615
CHIL3	0.033661440315715226
MAP1S	0.033578046432157796
B2M	0.0320809053827861
FHL3	0.03184341001147322
CHMP4B	0.03145827115269935
NUDC	0.03138982018427007
UBE2V1	0.03135721895990421
RPS18	0.03073939461143477
FTL1	0.030411373731827115
RPSA	0.0301685280584933
PTK2B	0.03014894539272532
RSAD2	0.030069140184103997
SOD1	0.02969826650489307
CD47	0.029490903232000206
RPS16	0.029138580894682808
PARK7	0.028753360949477676
C5AR1	0.0282238716392281
UGP2	0.028020377455188338
SPTBN1	0.02753536979165235
SNX3	0.02734687486100999
NASP	0.02690463889676538
SFPQ	0.026597241120540953
DDX21	0.026441121183414813
HNRNPM	0.026298193166447936
HBB-B1	0.026004147832842103
PHB2	0.025853248250009796
LRRC59	0.025614535700096905
CD84	0.025173486524943417
DNAJA2	0.025159810116404183
RAB32	0.024664360262450186
PA2G4	0.02459693900643064
RPL13A	0.024321190606391166
ARHGAP1	0.023708005251548966
EIF3M	0.02282343307116939
PPIA	0.022786111152835162
NCF1	0.021850942015238954
FYB1	0.021695244528555077
DDX3X	0.021431473542481986
ACSL1	0.021379306712096466
PSMC3	0.02131143726889508
FKBP2	0.021119923384467065
CKB	0.0207995834005798
SH3BGRL	0.02071093985379108
PDCD5	0.020653535899199094
SF3A3	0.02032603713672818
SLC25A1	0.01975462077090165
PSMB8	0.019455856264402833
SQSTM1	0.01918077328276908
LIMD2	0.019024738257312202
PSMC2	0.018920864607461976
CCT2	0.018694321364408205
ADSS1	0.01867405046831388
DAB2	0.01835368362637132
HNRNPD	0.017916573832192462
ARF4	0.01777601009671108
RPS10	0.017660488722349377
HSPD1	0.01755369014969995
OGFR	0.017444912660708013
PSMA4	0.01715722243068197
SKAP2	0.01713351704414271
GANAB	0.016850146339258344
DEK	0.016746054776534056
RAB1B	0.01651685470658783
CHN1	0.01624328063047067
HGSNAT	0.016043211395197682
FTH1	0.015402455026810589
ACADL	0.015351539440769354
RBM3	0.015322289485079023
STT3A	0.015243116806106741
NAP1L4	0.014857985963141945
MAP2K4	0.014649925428807194
ETFA	0.014380466903272443
ANXA5	0.014095300098984862
RBMXL1	0.014035218171684584
RHOA	0.0136540517451223
STK24	0.013452504358347678
RPL10A	0.013029632321619156
LGMN	0.012977798762987047
CHCHD3	0.012804724103359954
RAB10	0.012334837375343638
TMED2	0.012217879587399548
SHMT2	0.011984584810404304
COPG1	0.01194958284672533
NPM1	0.01150987920726481
CYTH4	0.011507337125269749
CSK	0.010723217340718669
CD48	0.010538531417364265
DNMT1	0.01045567986260818
GNS	0.010437068730371925
IARS1	0.010423284266005759
XPNPEP1	0.01026257124333422
RPS19	0.009658874042961759
GHITM	0.009455041779796758
PLCG2	0.009348847324750127
RPL4	0.009289045114569508
RPS12	0.00921814142001665
TAPBP	0.009169037575178533
NRDC	0.009084846175428984
ACTA2	0.00902230997877297
H2AC21	0.008910195093339533
FLNB	0.008781346764824602
TOMM40	0.00871262383006427
ARHGAP17	0.00852507442090903
DNAJC7	0.008474212298740895
ACOT13	0.008474099120199257
PFDN2	0.008388910512485786
EIF4G1	0.00829761588321489
TBC1D13	0.008154500325965788
PPP2CA	0.007578081352476122
SPAG9	0.0075523208269483826
RPS27	0.007460716190728778
ABRACL	0.007205390814373279
CBFB	0.0070481818963976815
SDHB	0.007047773241649307
MESD	0.00695794550573225
HNRNPK	0.006866242195583377
CMTM6	0.0068081049812855005
MRC1	0.00679651606377028
RPL5	0.006234134257666742
P2RX4	0.006164962622785461
IMMT	0.0058630656798250545
PML	0.005855832053207371
ACTN4	0.0057527955244803565
PSMA5	0.005624845260115008
FDPS	0.005471939606267093
TUBA1B	0.005387596452071744
PDIA6	0.005339726130000005
M6PR	0.005134169248893603
IFIT2	0.005001473491224347
RPS3	0.0049384164541219485
OVGP1	0.0048476078393098485
HSD17B4	0.004612139423125785
GNG2	0.004500726207020921
VAMP3	0.00439609402582707
ADGRE1	0.004237080753188838
PSME2	0.004195561087709247
USP5	0.004028739129031314
UBXN4	0.003956656845874312
CYFIP1	0.003944284988528511
SRPRB	0.0038657962394592757
ISG15	0.00381293216752455
OAT	0.0037799826210771527
TRAPPC3	0.003548499957654237
LPXN	0.003506842513135569
ATP5ME	0.003440227960859869
SNAP29	0.0033502865554664997
PDIA3	0.0032956384495571355
AARS1	0.00327906057451688
SEC13	0.0032633387792320744
PSAT1	0.0032420912449162174
TXNL1	0.0031700260052920184
DPYSL2	0.0031584030751204404
ATP5MG	0.003142153119161482
DBNL	0.003083688402471188
CAST	0.003061250459402009
NCL	0.002919156970955059
MVP	0.0029119129367909
RAB3GAP1	0.0024943975689551943
COMMD6	0.002463392917747808
RPLP0	0.0023613602009187025
DDB1	0.002320462111201048
EEF1D	0.00226879369778175
PDCD6IP	0.0021883068767881387
HEXB	0.0021609374352700027
ISG20	0.0021544743563876884
MYL12B	0.0021007804146282007
HNRNPU	0.002039912488007294
FH	0.001976410776753827
LYZ2	0.001961425540126256
MAPK14	0.0016494017196956186
CLIP1	0.0016255350236520207
EXOC8	0.0014472173219752858
CKAP4	0.0012935703529404568
DNAJB11	0.0012544595614034898
CEBPB	0.0012297497912733262
SUGT1	0.0011600585755097092
VPS26A	0.0011015263617902393
SNRPB2	0.0010871651804664055
AP2A2	0.0010593698715806047
CLTA	0.0010544427596930889
DOCK2	0.0010181879308415406
APOBR	0.0009760028782556873
MCM2	0.0008701921507988282
ANP32A	0.0008372064130969423
RFTN1	0.0008136387667675055
ATP5IF1	0.0007934386348885082
PSMC6	0.0007883114042578111
IMPDH2	0.0007612759958833667
PSMD3	0.0007265569921144264
VPS29	0.0006751591333461818
UBA1	0.0006180503769262244
PLP2	0.0005276855964418569
RNPEP	0.0005046129121815015
PSMA3	0.00038744464441047
SPR	0.00030866393330423775
LILRB4A	0.0002755590698871525
ARHGDIA	0.00026594723744494375
ARFGAP2	0.00021725656882331113
HSPA4	0.00021284654926524927
S100A4	0.00020311992424889303
PRKACA	0.00020096365839160604
ACADS	0.00019300151816111316
CSE1L	0.00016482924912094568
HEXA	0.00016479400564415787
GAS7	0.00016386493093889038
ATOX1	0.0001625266308559579
SBDS	0.00016193064184713581
ALDH9A1	0.00015367083833977765
SLK	8.815537715086349e-05
ELAVL1	7.01839513207389e-05
HAGH	7.012866191390668e-05
ADPRH	3.902185628270341e-05
HMOX2	2.3990366017210958e-05
ALDH18A1	2.2377261432798498e-05
GMIP	1.055744705254565e-05
PYM1	3.791322485356125e-06
RACK1	3.1178867232107507e-06
IPO5	2.882096554279888e-06
SEC31A	1.2483000920487085e-07
TAP2	1.2083740072466907e-07
NPC1	-1.2980706270434373e-06
CD63	-1.0297399629725728e-05
GK	-2.1918419634899897e-05
GAPDH	-3.827774341905302e-05
HNRNPC	-3.984123878210343e-05
MTHFD1	-8.346318784417137e-05
ARAP1	-8.359436604972783e-05
LGALS1	-0.00010394642457621045
PDAP1	-0.00011431769204253552
HMGB1	-0.00013530118786772387
EIF1A	-0.00014634274895635024
WARS1	-0.00015867774682111832
NCF4	-0.00017949915908980989
ARF3	-0.00019226400670189052
STOM	-0.0002816924436592074
FAM98B	-0.00030788476185377795
ACAT1	-0.00035804049176487097
HSPA1B	-0.00036391759754205734
PTGR1	-0.0003694719878707731
PSMC1	-0.00037169750269166617
PLEK	-0.00037714846044496433
DLAT	-0.000383819894806087
KIF5B	-0.0003845971617676392
TWF2	-0.0003976844772892145
UBE2D3	-0.00047698606408500574
CMPK1	-0.0005334985476598419
ATP5PD	-0.0005724658996084539
PZP	-0.000600802202928716
SARS1	-0.0006244183932480368
GATD3	-0.0006732766317875655
DDX39B	-0.0006993165204410322
CRLF3	-0.0007061491200917992
CORO1C	-0.0007462338627172141
CCT6A	-0.0007679636054369601
RPL37	-0.0007810881472128105
PPP1CA	-0.0008480124380000906
SORD	-0.0008552809134176609
SMARCC2	-0.0009659785196776902
CANX	-0.0010362525335822976
QARS1	-0.0010994834658653698
APRT	-0.0011031643024265216
CAND1	-0.0011240233264883156
PDLIM5	-0.001131845643253683
CDC37	-0.0011803297981008729
RPL15	-0.001326077309680612
PRDX2	-0.0014614614213218345
MATR3	-0.0015189166114594785
ELMO1	-0.0015825945460756924
ATP5PO	-0.001585483364761442
TXNDC5	-0.0016144127849895842
SNX2	-0.0016829660693518794
CNPY4	-0.0017853068305822668
HADHB	-0.0018078293833906798
HP1BP3	-0.001846514664274393
NDUFB5	-0.0018481051854752398
CACYBP	-0.001916257745706036
SRI	-0.0019175198616608212
RAP2B	-0.0019940077929562292
ST13	-0.0020022111743891635
SNX5	-0.0021815866520496843
PCBP1	-0.002343814113831304
CNDP2	-0.0024331210500249047
ARPC3	-0.0025419277515503556
ARHGEF2	-0.002598812837472457
PPP1R18	-0.00262457197181667
PDIA4	-0.002643785844453697
AP2M1	-0.0026735261374845167
LRP1	-0.0027813312096423527
COX5B	-0.0029020258145826365
HMGCL	-0.0029131463557800098
ADSS2	-0.0029465057733589267
RPL23	-0.00296510240693353
EIF3J1	-0.0029703461407247374
DYNLRB1	-0.0030029422365227057
U2AF2	-0.003063316162577797
COPS2	-0.0032373919205559184
PFDN6	-0.0033447194571629498
UGT1A7	-0.0035698732762655936
TWF1	-0.003702785759843987
RPL31	-0.00372798692438145
PSMD2	-0.004009672674197069
TBCA	-0.004071405391567527
QDPR	-0.004080962258012423
HSP90AB1	-0.004190667073077431
TUBB4B	-0.004201736580752194
AP1B1	-0.004210715085294952
CLTB	-0.004562138399393238
WASHC2	-0.004685115463930672
CCT3	-0.004876070341005723
PPM1G	-0.005091651108088571
KPNB1	-0.005258330768033055
TMED9	-0.005263371297779545
F13A1	-0.005384588058075332
APEX1	-0.005527061947734732
CAT	-0.005541263210000099
PSMD8	-0.005559284961141155
PPIB	-0.0056529900537242396
DCTN1	-0.005813437088367647
ACIN1	-0.005834724695303672
ARCN1	-0.005883399944610964
GSDMD	-0.006173025821191304
RPL8	-0.006313019158403401
COX6C	-0.006433634362236088
HMGN2	-0.006497224169053126
CD9	-0.006835562886114733
RAP1A	-0.007205718672927235
SIGLEC1	-0.007293419440775284
ADK	-0.007299196412793357
RAB11B	-0.0076372667099620034
VPS35	-0.00782526144095567
TMED10	-0.008175073561626124
DYNC1I2	-0.008453818262010233
RAB5C	-0.008949052660214691
DARS1	-0.008983484611720292
BST2	-0.009276463281747352
STAT2	-0.0092892167574986
PSMC5	-0.009505575675289651
MAPKAPK2	-0.009712299414441159
BZW1	-0.01000751377328329
PNP	-0.010067856197085636
HK2	-0.010292630535316115
AKR1B1	-0.01038309290046377
CALR	-0.010397013132298603
RPL19	-0.011163375542457377
DDRGK1	-0.011197945902985439
GOT2	-0.01154231104165286
MRI1	-0.011608495962077376
G3BP2	-0.012063333829399461
NME2	-0.01280244585569383
YTHDF1	-0.013042086020843877
NAMPT	-0.013154492814274298
RPS14	-0.013296992521152752
ACO2	-0.013381973409803976
FLNA	-0.013526397105489736
RPL21	-0.013607163207260941
SAFB	-0.014053001172516897
SOD2	-0.014518006546039307
EHD4	-0.01531769112803223
ZMPSTE24	-0.015344759738696121
CAPZA1	-0.016252404225714025
SET	-0.016731439765865993
TCP1	-0.01702679168654209
LAMP1	-0.017497902214693373
ATP5MK	-0.017607348417191627
GMFG	-0.017980349968981364
ATP5F1A	-0.01828689905203787
HSPA8	-0.018601724663172975
ACTN1	-0.019085435522551555
P4HB	-0.019322508122146427
EIF3D	-0.01936721302256578
COX7A2	-0.01979683872394939
HSP90AA1	-0.019990512584355517
VARS1	-0.020056782985036808
PABPN1	-0.021078336939551516
S100A13	-0.021536785495184202
RPN1	-0.02163877431924313
CSDE1	-0.022482364265389354
ATXN2L	-0.022940110341410143
SNX1	-0.022956587677855696
CYCS	-0.02303578195004796
CD36	-0.023416731506635747
ACTR1B	-0.023603121156742936
RPL30	-0.024311009474791933
EIF3B	-0.024316074809353008
SND1	-0.02433159478389172
NOP58	-0.024390158301213518
MPEG1	-0.024994154135322376
PLBD2	-0.02509695190370335
ANXA4	-0.025787624415907387
BTF3	-0.026085955041230163
FKBP1A	-0.026436950982639536
PCNA	-0.026469127000069606
DYNC1H1	-0.028088192722299572
SUCLG2	-0.02854238707314774
NCF2	-0.028767444994674145
PRDX5	-0.02917323186320374
RAB8B	-0.0292850475954834
MCM3	-0.029398012102088335
RPL13	-0.029648614545849588
QKI	-0.03018253692149484
GLUD1	-0.0302857060079541
HMGN1	-0.030559913470252862
GNAI2	-0.030651607114923502
SSR3	-0.030950806502363818
CYB5A	-0.03192150529111472
PRDX4	-0.03225736563145238
DAD1	-0.03258785882288079
OTUB1	-0.032723121610573294
ATP5F1C	-0.03277442332205769
CS	-0.0335548412277494
CDC42	-0.033651747213390475
PLEKHO2	-0.03369970476637874
SRSF4	-0.033780977943052536
RPL22	-0.033810589261290026
RPL3	-0.03408877618918162
PSMB1	-0.034266827470429036
PTPA	-0.034311461554721624
ALDH2	-0.03453790723840584
HSP90B1	-0.034970062151006356
MAPK1	-0.03510117461166126
ARHGAP25	-0.037148903566349895
DIAPH1	-0.03731816829737443
RPL36A	-0.038003601037020926
ILF3	-0.038139486033801975
EEF1G	-0.0382326540605801
HADH	-0.038688361999380846
NECAP2	-0.03877441953971843
DHX58	-0.038839056502773896
G6PDX	-0.0391671387395693
CLTC	-0.03925004428099751
CALM1	-0.03988031629140952
NAPA	-0.03990314783791866
PSMB7	-0.04009887628709771
NMRAL1	-0.04104229432479686
ATP5F1D	-0.04151671007781684
POR	-0.04261759109417953
RPS13	-0.04312051731115231
UCHL5	-0.04336476963573956
OLA1	-0.04350099108261907
BLVRB	-0.043983427832848095
PDXK	-0.04583204970434746
IAP	-0.04583536308523075
PITPNA	-0.04597961541805485
GDI2	-0.04654398436230334
MYH9	-0.046595093284231864
PCBP2	-0.04681504269577345
RPL34	-0.04694777739201483
SEPTIN11	-0.047206021176215314
RPS21	-0.04883989417531958
ARF5	-0.04901684750632441
RAB5B	-0.04924471652529279
HMGB2	-0.04963561406143313
RPS8	-0.04986561874689928
VPS4B	-0.05175351836456079
RPS11	-0.05215751255532503
RDX	-0.053327120080076486
EIF3A	-0.05410856272631655
RPS7	-0.05440935821177062
ANXA11	-0.05594779727292975
DHRS1	-0.056648268545556026
ATP6V1H	-0.057414054473708676
TUFM	-0.05762608686170409
RPS5	-0.05782418120394319
FAM120A	-0.05935075843781678
WASF2	-0.059382163333728546
SERPINB6	-0.059567886924300324
CLIC4	-0.060308399202407645
ZC3HAV1	-0.060979060862832654
NACA	-0.06302643893016723
HDGF	-0.06380356204935035
ATP6V1F	-0.06444485639018191
MLEC	-0.06534069033755982
H2-D1	-0.06797684489623909
ARPC1B	-0.06876477191545605
RPL35	-0.06996990532049303
ADRM1	-0.07284300554604274
PSMD7	-0.07375372131777808
PLD3	-0.07423271269813979
AHSA1	-0.07443798955224208
DYNLL2	-0.07739258512451547
MAT2A	-0.07944155185912853
ENO1	-0.0817793553192789
RPL26	-0.08297468815014888
RSU1	-0.08508031349389604
PTPRC	-0.08706868714328492
TXN	-0.08812389174254794
YWHAQ	-0.08913107246015822
YWHAE	-0.08951543053869702
LMNA	-0.08976598274298145
RPN2	-0.09054473675775233
YWHAH	-0.09295998777472884
HSPE1	-0.09344229234997936
RPS4X	-0.09395886605963219
UBE2M	-0.09415311199163
SEPTIN9	-0.09823688464482339
ATP5PB	-0.10061902940374697
RPS15A	-0.10094867771707543
ERP29	-0.10428529253528407
MTCO2	-0.10566194125715955
RPS9	-0.10588598131064658
IDE	-0.10858701181785796
RRBP1	-0.10900589740806077
RPL23A	-0.10970425484644958
CCDC93	-0.11040678315062594
MACROH2A1	-0.11138215640368587
RPL29	-0.11208486071089353
CCT8	-0.1137478633733166
NOS2	-0.12142909177213213
CBX1	-0.12313757515582976
RPS20	-0.12567056632072482
RPS25	-0.12688256102192388
PPP2R2A	-0.1269135842579223
RPL11	-0.12989889614227196
MDH2	-0.13065594923091686
PREP	-0.13096398059975164
COX4I1	-0.1313159968372622
CYB5B	-0.13190047662962967
HNRNPA1	-0.13321216352141416
GLRX3	-0.13432448903715677
PDHB	-0.13753178004476635
HSD17B12	-0.13860869738853454
PSMA2	-0.1395804999622436
PPP2R1A	-0.13998426599886948
EZR	-0.1418866816996477
CAPNS1	-0.1432784792879006
ATP5PF	-0.14664324099297166
RALY	-0.14749224025616364
BABAM1	-0.1479835629986334
SLC25A4	-0.14900189920855614
ACOX3	-0.15026780558041491
FCER1G	-0.15080736132153807
SF3A1	-0.1514858882189697
GUSB	-0.15749948777724457
ALDH3B2	-0.16003940223662935
SNAP23	-0.16045132259504605
ATP6V1D	-0.16059523165293071
SEPTIN7	-0.16380070737547134
UQCRC1	-0.16556236582889883
SYK	-0.16571919395232584
CCT5	-0.16627245114259429
HINT1	-0.16847117222051608
MDH1	-0.16902263751612434
PEA15	-0.17387870492992374
RANBP1	-0.17711517255449102
MAP4	-0.18083751743292187
PSMA6	-0.18084186613821884
ACTR1A	-0.1870834476750755
PSMD13	-0.18737775631060136
MTDH	-0.190188785059678
HPCAL1	-0.19034535674680428
NEDD8	-0.19249996365299293
HDLBP	-0.19782907748695366
CST3	-0.19962881922354261
CLIC1	-0.20116054411701717
ATP2A2	-0.20448360996560225
ATP1A3	-0.20637531775142456
PGAM1	-0.209361027687216
ESYT1	-0.20996974938875693
RAB1A	-0.21092295419611878
COX6B1	-0.2140414898918265
PSMB4	-0.21424049421834798
LTA4H	-0.21721117448361857
CAPZA2	-0.21807467533469269
DDX5	-0.2233673207701256
ACADM	-0.2236905562344207
CAPN2	-0.22739956519517956
NUCB2	-0.2280059551433951
COPA	-0.2282314477407143
RPS6	-0.23256094818030257
TUBB6	-0.23329962711439656
VAMP8	-0.23335276437089514
MYL6	-0.2334040043084256
GLS	-0.23898596923698337
PPP3CB	-0.23975918846038358
STX12	-0.239945769332371
SOAT1	-0.2407615458390913
SLC25A5	-0.2453001163833739
PSAP	-0.24729635976775233
YWHAB	-0.24801960671997678
EIF3K	-0.25056326355618697
ARL8B	-0.2520963364274899
ATP6V0D1	-0.253481735345298
ACAA2	-0.2571855580745356
RAB14	-0.2589306692629847
SEC23B	-0.2590201550643155
IFITM3	-0.2605124732122437
RPL6	-0.26766113774408123
SRA1	-0.2694829871303911
ADH5	-0.2765347083838861
GPX1	-0.2787452466389893
STX7	-0.28164283083765673
OSBPL8	-0.28399411373609756
SH3GLB1	-0.2864555787510674
TRIM25	-0.29242542532059024
PRDX6	-0.2978519660106323
DDI2	-0.3050587654314654
TAOK3	-0.3051278307504047
PKM	-0.30740533412332993
LGALS3	-0.30860618836261927
SPTLC1	-0.3087717265494978
EFHD2	-0.3153196839592364
RHOG	-0.3153680885936403
RPS2	-0.3156469005648584
MYOF	-0.318087056190235
VWA5A	-0.3195155519266034
RPS26	-0.3200368785373119
VCP	-0.322849802995737
FASN	-0.32732535028184595
SNRPD2	-0.3274726904363111
EIF5A	-0.3362287298283129
UAP1L1	-0.3391991768554046
EIF2S1	-0.3459438839433488
CD44	-0.347256334588287
TALDO1	-0.3501340901622633
KARS1	-0.35574035793291114
SRRT	-0.35863779475741053
SUCLA2	-0.3698416531334369
CAPG	-0.39457840727208915
RAC1	-0.41360814420790587
SYNGR1	-0.4339283298013742
ANXA3	-0.4500236799966581
GNB4	-0.45565788944502655
RAB7A	-0.45735213027247174
SGPL1	-0.4653638293296434
MAPK3	-0.46914123913885175
S100A6	-0.47495143335163864
CTSA	-0.47974188853092964
RPL12	-0.4805414336574761
SUMO2	-0.48592122829927875
LCP1	-0.48800428549140007
CCT4	-0.4945100570256721
BASP1	-0.4982989713349754
SKP1	-0.5038340901297008
CTSB	-0.5051477407568531
PPT1	-0.5090012171470476
PSMA7	-0.5181745645732646
ACTB	-0.530221934559356
MYO1E	-0.5314107386618105
HCLS1	-0.5363248671919244
TOMM34	-0.5574176393516662
GSPT1	-0.559289667206168
EEF1A1	-0.5608779532627538
COPB1	-0.5683701898790696
BCAP31	-0.5846164643940497
GALK1	-0.5846322376935614
EEF2	-0.5855464535768946
ITGB1	-0.5906004236684463
HADHA	-0.5975977405876326
AKR1B7	-0.600306075776404
GLA	-0.6003236834307154
PRKCSH	-0.6115022520155481
ANXA2	-0.6183410707579071
SPTAN1	-0.6209228911400982
BLVRA	-0.6267471213486929
EIF4A1	-0.6318050139960021
ATP5F1E	-0.6361639376115897
AP3B1	-0.6470172168911702
CSTB	-0.649411608735282
GPI	-0.6715877775582295
PGK1	-0.6741298637389318
ARPC5	-0.6752955909168776
CCT7	-0.6896389425718339
TNFAIP8L2	-0.6974327374870635
PGD	-0.7150220986417252
ZBP1	-0.7219060309380074
C2CD3	-0.7291097429037711
SAMHD1	-0.7320752123483004
TLN1	-0.7320863120095017
COTL1	-0.7430957977667308
RPL7A	-0.7447362096777864
TPD52L2	-0.7754896263733769
MSN	-0.8148941494614127
MYO1F	-0.8538547577918805
YWHAZ	-0.86068984530342
PFKP	-0.9030720149085281
CTSD	-0.9431935291252423
LDHA	-1.016577065062217
PLD4	-1.0192187011635339
IQGAP1	-1.0376703989832943
CTSZ	-1.0421484231981093
PSMB6	-1.0427040467837712
ABCF1	-1.0847411989863485
IDH1	-1.097068791114368
GRB2	-1.1109391222526797
ATP1A1	-1.1452190618259828
SLC37A2	-1.1670986675221655
GLB1	-1.1888590318025891
TPI1	-1.2017028646565937
CASP1	-1.2066927110426313
U2SURP	-1.216315642252776
WDR1	-1.2585313259430204
RTN4	-1.2855780470395415
KCTD12	-1.3066445927646428
ACTR3	-1.3078560429329265
UBE2N	-1.3395918576647032
REEP5	-1.3491073041392494
GNB1	-1.362292952033997
UBE2L3	-1.414329037885119
YWHAG	-1.4531477581197265
CRIP1	-1.4805472793589638
LASP1	-1.4948099713547798
MARS1	-1.509825352513665
NQO2	-1.5564146525055473
PEBP1	-1.7514592658641097
LAMP2	-1.7676618119622909
CALU	-1.7815658824240488
SH3BGRL3	-1.8189735175992916
TKT	-1.8718632296356403
SLC25A3	-1.9441408340095814
CYBB	-1.9611131377922086
NDUFA4	-2.006856784474955
RNH1	-2.023815768102779
IDH2	-2.080568438098456
MTPN	-2.097516539824182
ARPC2	-2.139931638878758
CORO1B	-2.144319535281027
VAT1	-2.147524199848862
TAGLN2	-2.178525624305554
CFL1	-2.2475993395637457
ANPEP	-2.3377429312935374
HK3	-2.4045247040338973
ARPC4	-2.5695073346362003
ACTR2	-2.6625103662379868
RAB2A	-2.7000811032041003
ATP6V1A	-2.7888334858408093
PRDX1	-2.88464065879156
FABP5	-2.905856073024328
ATP6V1C1	-3.103864788846884
ALDOA	-3.1104433566754013
TPD52	-3.1784904892124826
GALNS	-3.349364485624099
HMGA1	-3.520976306803109
DYNC1LI1	-3.718243366663115
ESD	-3.7400887279806136
CYB5R3	-4.35131862087023
ACOT9	-5.015729290760286
ANXA1	-5.04811188246507
GPNMB	-6.560242107646911
ATP6V1E1	-7.424040519969466
VIM	-8.10475327798604
ATP6V1B2	-10.862994774396604
NIBAN2	-11.51413558618117
AKR1A1	-12.14185707208226
ATP6V1G1	-12.178554958308824
EVL	-21.652129684465827
S100A11	-29.232971122390744
